PersonKey,SkillKey
P001,security
P001,incidentCommand
P002,security
P002,gcp
P003,incidentCommand
P003,python
P003,gcp
P004,sql
P004,servicenow
P004,dataModelling
P005,servicenow
P005,incidentCommand
P006,kubernetes
P007,terraform
P008,python
P008,sql
P008,java
P009,terraform
P009,kubernetes
P010,python
P010,java
P010,terraform
P010,gcp
P011,python
P011,kubernetes
P012,gcp
P012,terraform
P012,java
P012,python
P013,java
P013,python
P014,sql
P014,python
P015,gcp
P016,incidentCommand
P017,incidentCommand
P018,kubernetes
P018,java
P019,gcp
P019,bigquery
P019,dataModelling
P020,servicenow
P020,incidentCommand
P021,terraform
P021,sql
P021,python
P022,python
P022,kubernetes
P022,gcp
P022,sql
P023,sql
P023,java
P023,python
P024,terraform
P024,kubernetes
P025,bigquery
P025,dataModelling
P025,sql
P026,incidentCommand
P026,kubernetes
P026,dynatrace
P026,terraform
P027,terraform
P027,dynatrace
P028,gcp
P028,sql
P029,kubernetes
P029,terraform
P029,python
P029,sql
P030,kubernetes
P030,terraform
P031,incidentCommand
P032,java
P032,python
P032,terraform
P032,kubernetes
P033,python
P033,terraform
P033,kubernetes
P034,sql
P034,python
P035,kubernetes
P035,gcp
P035,dynatrace
P035,incidentCommand
P036,dynatrace
P037,servicenow
P037,gcp
P037,python
P038,servicenow
P039,servicenow
P039,incidentCommand
P040,terraform
P040,kubernetes
P041,gcp
P041,incidentCommand
P041,kubernetes
P041,servicenow
P042,python
P042,kubernetes
P042,java
P043,servicenow
P043,terraform
P043,incidentCommand
P043,kubernetes
P044,kubernetes
P044,incidentCommand
P045,sql
P045,java
P045,terraform
P045,python
P046,gcp
P047,terraform
P048,terraform
P048,kubernetes
P048,mainframe
P049,terraform
P049,dynatrace
P049,incidentCommand
P049,gcp
P050,incidentCommand
P050,gcp
P051,python
P051,sql
P051,java
P052,sql
P053,gcp
P054,sql
P054,java
P054,gcp
P055,python
P055,gcp
P055,terraform
P056,terraform
P056,python
P056,sql
P057,gcp
P057,dynatrace
P058,kubernetes
P058,gcp
P058,java
P059,gcp
P059,python
P059,bigquery
P060,security
P060,gcp
P061,dynatrace
P061,servicenow
P061,incidentCommand
P062,gcp
P063,kubernetes
P064,python
P064,sql
P065,sql
P065,gcp
P065,dataModelling
P066,python
P066,java
P067,sql
P067,servicenow
P067,incidentCommand
P067,python
P068,servicenow
P068,sql
P068,dataModelling
P069,incidentCommand
P070,kubernetes
P070,terraform
P070,gcp
P071,terraform
P071,gcp
P072,sql
P073,kubernetes
P073,sql
P073,python
P074,kubernetes
P075,security
P075,python
P075,kubernetes
P075,gcp
P076,gcp
P077,gcp
P078,kubernetes
P078,terraform
P078,gcp
P079,incidentCommand
P080,sql
P080,bigquery
P080,servicenow
P081,gcp
P082,java
P082,kubernetes
P082,gcp
P082,terraform
P083,terraform
P084,sql
P085,sql
P085,java
P085,python
P086,servicenow
P086,gcp
P087,kubernetes
P087,java
P087,sql
P087,python
P088,terraform
P088,dynatrace
P088,servicenow
P089,security
P089,incidentCommand
P089,servicenow
P089,gcp
P090,python
P090,gcp
P091,servicenow
P091,sql
P091,dataModelling
P092,incidentCommand
P093,dataModelling
P094,python
P094,security
P094,gcp
P094,kubernetes
P095,sql
P096,sql
P096,dataModelling
P096,servicenow
P097,terraform
P097,kubernetes
P098,bigquery
P098,dataModelling
P098,sql
P098,servicenow
P099,gcp
P099,terraform
P099,dynatrace
P100,sql
P100,servicenow
P101,servicenow
P101,sql
P101,dataModelling
P102,sql
P102,bigquery
P103,sql
P103,python
P103,java
P104,gcp
P104,java
P104,kubernetes
P104,terraform
P105,python
P105,java
P105,sql
P106,gcp
P106,java
P106,sql
P107,gcp
P107,java
P107,kubernetes
P108,java
P108,python
P109,gcp
P109,java
P109,kubernetes
P110,python
P110,java
P110,gcp
P110,sql
P111,kubernetes
P112,bigquery
P113,java
P113,sql
P113,python
P114,sql
P115,python
P116,kubernetes
P117,kubernetes
P117,gcp
P117,terraform
P118,terraform
P118,sql
P118,kubernetes
P118,python
P119,dataModelling
P119,sql
P120,python
P121,sql
P121,servicenow
P121,dataModelling
P122,incidentCommand
P122,servicenow
P123,dataModelling
P123,gcp
P124,python
P124,java
P125,kubernetes
P125,gcp
P126,python
P126,java
P127,kubernetes
P127,java
P128,gcp
P128,java
P128,security
P128,kubernetes
P129,python
P129,kubernetes
P130,gcp
P130,sql
P131,dataModelling
P131,gcp
P132,python
P132,gcp
P133,dataModelling
P133,sql
P133,bigquery
P134,sql
P134,java
P135,servicenow
P135,sql
P135,dataModelling
P135,bigquery
P136,kubernetes
P136,terraform
P136,java
P136,gcp
P137,dataModelling
P137,servicenow
P137,bigquery
P137,sql
P138,terraform
P138,sql
P138,gcp
P139,java
P140,bigquery
P140,sql
P140,servicenow
P141,terraform
P141,python
P142,python
P143,sql
P143,dataModelling
P143,servicenow
P144,servicenow
P144,incidentCommand
P145,terraform
P145,security
P145,kubernetes
P145,gcp
P146,kubernetes
P146,terraform
P146,python
P146,dotnet
P147,java
P147,kubernetes
P148,servicenow
P149,bigquery
P149,dataModelling
P149,sql
P149,servicenow
P150,python
P150,java
P150,sql
P151,java
P152,java
P153,terraform
P154,python
P154,kubernetes
P154,sql
P155,sql
P155,dataModelling
P155,servicenow
P155,bigquery
P156,terraform
P156,kubernetes
P156,dynatrace
P156,servicenow
P157,python
P157,sql
P157,java
P158,kubernetes
P159,kubernetes
P159,gcp
P159,python
P159,java
P160,java
P160,terraform
P160,sql
P161,sql
P161,python
P161,java
P162,gcp
P163,python
P163,sql
P164,java
P164,sql
P164,terraform
P165,dataModelling
P166,java
P166,gcp
P166,kubernetes
P166,dotnet
P167,java
P167,python
P168,python
P168,sql
P169,python
P169,sql
P170,sql
P170,servicenow
P170,dataModelling
P171,python
P171,kubernetes
P172,gcp
P173,servicenow
P173,dataModelling
P173,sql
P173,bigquery
P174,incidentCommand
P174,gcp
P175,gcp
P176,sql
P177,incidentCommand
P177,servicenow
P178,terraform
P178,dataModelling
P178,gcp
P178,security
P179,kubernetes
P180,gcp
P181,agentFrameworks
P181,kubernetes
P181,java
P181,kafka
P182,sql
P182,java
P182,python
P183,java
P184,gcp
P184,servicenow
P184,kubernetes
P185,python
P186,security
P187,python
P187,terraform
P187,security
P187,kubernetes
P188,gcp
P188,java
P189,sql
P189,gcp
P189,java
P190,kubernetes
P190,sql
P190,agentFrameworks
P191,kubernetes
P191,python
P192,dataModelling
P192,sql
P193,java
P194,terraform
P195,java
P196,gcp
P197,dataModelling
P198,gcp
P198,python
P198,agentFrameworks
P199,dataModelling
P199,bigquery
P200,servicenow
P200,dynatrace
P200,incidentCommand
P200,terraform
P201,agentFrameworks
P202,gcp
P202,java
P203,sql
P203,servicenow
P203,python
P204,sql
P205,servicenow
P205,incidentCommand
P206,security
P207,incidentCommand
P207,servicenow
P207,kubernetes
P207,gcp
P208,kubernetes
P208,dynatrace
P208,incidentCommand
P209,python
P210,python
P210,agentFrameworks
P210,sql
P210,gcp
P211,sql
P211,gcp
P211,java
P212,agentFrameworks
P212,python
P212,gcp
P213,terraform
P213,servicenow
P213,gcp
P214,terraform
P215,java
P215,terraform
P216,sql
P216,agentFrameworks
P216,kubernetes
P216,gcp
P217,terraform
P218,sql
P218,gcp
P218,agentFrameworks
P219,terraform
P220,terraform
P221,python
P221,gcp
P222,java
P222,terraform
P222,gcp
P222,sql
P223,security
P223,terraform
P224,gcp
P225,gcp
P226,kubernetes
P226,python
P226,agentFrameworks
P226,java
P227,java
P227,security
P227,gcp
P228,incidentCommand
P228,gcp
P228,dynatrace
P229,terraform
P229,incidentCommand
P229,dynatrace
P230,sql
P230,java
P230,gcp
P231,gcp
P231,incidentCommand
P232,kubernetes
P232,gcp
P232,python
P233,gcp
P233,python
P234,sql
P234,servicenow
P234,dataModelling
P235,incidentCommand
P235,servicenow
P236,security
P236,terraform
P236,dataModelling
P236,gcp
P237,sql
P237,python
P237,agentFrameworks
P237,java
P238,terraform
P239,terraform
P239,java
P240,gcp
P240,agentFrameworks
P240,security
P241,java
P241,terraform
P242,python
P242,gcp
P243,kubernetes
P244,python
P244,java
P244,sql
P245,python
P245,sql
P245,kubernetes
P245,agentFrameworks
P246,sql
P246,python
P246,kubernetes
P246,java
P247,sql
P247,python
P247,agentFrameworks
P248,java
P249,gcp
P249,bigquery
P250,java
P250,python
P251,sql
P251,dataModelling
P251,bigquery
P252,gcp
P252,java
P253,agentFrameworks
P254,incidentCommand
P254,servicenow
P255,gcp
P255,dataModelling
P255,python
P255,bigquery
P256,sql
P256,python
P256,java
P257,security
P257,servicenow
P257,gcp
P258,gcp
P259,dataModelling
P259,sql
P260,incidentCommand
P260,servicenow
P261,kubernetes
P261,gcp
P261,security
P261,terraform
P262,dataModelling
P262,gcp
P262,sql
P262,kafka
P263,servicenow
P263,dataModelling
P264,gcp
P264,java
P264,kubernetes
P264,terraform
P265,gcp
P265,bigquery
P266,gcp
P266,kubernetes
P266,sql
P266,terraform
P267,sql
P268,gcp
P269,java
P270,java
P270,sql
P271,python
P272,python
P272,security
P272,java
P272,terraform
P273,bigquery
P273,sql
P273,gcp
P274,servicenow
P274,sql
P274,dataModelling
P275,dataModelling
P276,sql
P276,python
P277,servicenow
P277,dataModelling
P277,bigquery
P278,gcp
P279,bigquery
P279,dataModelling
P279,sql
P280,bigquery
P280,gcp
P280,dataModelling
P280,sql
P281,gcp
P282,python
P282,gcp
P283,gcp
P284,sql
P284,gcp
P284,incidentCommand
P284,python
P285,sql
P285,servicenow
P285,dataModelling
P286,incidentCommand
P286,servicenow
P287,security
P287,kubernetes
P287,dataModelling
P288,python
P288,gcp
P289,java
P289,python
P289,sql
P290,servicenow
P290,sql
P290,bigquery
P291,dataModelling
P291,bigquery
P291,sql
P292,servicenow
P292,dataModelling
P292,sql
P292,bigquery
P293,gcp
P294,sql
P294,gcp
P294,dataModelling
P294,bigquery
P295,sql
P295,java
P295,python
P296,bigquery
P296,python
P297,servicenow
P297,dataModelling
P298,bigquery
P298,python
P298,gcp
P298,sql
P299,sql
P300,bigquery
P300,sql
P300,python
P300,gcp
P301,java
P301,terraform
P302,sql
P302,dataModelling
P303,bigquery
P303,dataModelling
P304,python
P304,java
P305,dataModelling
P306,java
P306,kubernetes
P306,python
P307,terraform
P307,python
P308,servicenow
P308,bigquery
P309,gcp
P309,python
P309,dataModelling
P310,sql
P310,python
P311,sql
P311,bigquery
P311,dataModelling
P312,servicenow
P312,gcp
P313,servicenow
P313,sql
P313,dataModelling
P314,incidentCommand
P314,servicenow
P315,kubernetes
P316,sql
P316,python
P316,java
P317,gcp
P317,dataModelling
P317,sql
P317,python
P318,dataModelling
P318,bigquery
P318,gcp
P318,python
P319,java
P319,terraform
P319,python
P319,gcp
P320,kubernetes
P320,python
P320,java
P321,bigquery
P321,sql
P322,sql
P322,java
P323,terraform
P324,sql
P324,kubernetes
P325,gcp
P326,kubernetes
P326,terraform
P327,kubernetes
P327,gcp
P327,terraform
P328,terraform
P328,gcp
P329,bigquery
P329,python
P329,dataModelling
P330,bigquery
P330,python
P330,gcp
P331,java
P331,terraform
P331,python
P332,dataModelling
P333,java
P333,python
P333,gcp
P333,kubernetes
P334,gcp
P334,sql
P335,terraform
P335,security
P336,gcp
P336,sql
P336,kubernetes
P336,python
P337,sql
P338,dataModelling
P339,servicenow
P339,dataModelling
P339,bigquery
P340,servicenow
